{"Alien": [677.1875, 435.46875, 515.9375, 425.3125, 1030.46875], "Amidar": [93.65625, 102.703125, 63.71875, 31.0, 80.203125], "Assault": [457.890625, 606.1875, 509.0625, 671.078125, 391.78125], "Asterix": [1061.71875, 1108.59375, 920.3125, 1065.625, 1485.15625], "BankHeist": [43.90625, 77.5, 0.0, 31.875, 17.96875], "BattleZone": [4031.2, 4031.2, 5359.375, 3484.375, 3250.0], "Boxing": [12.65625, 20.984375, 0.09375, -4.359375, 9.375], "Breakout": [10.3125, 16.4, 22.765625, 16.4, 16.046875], "ChopperCommand": [962.5, 896.875, 909.375, 848.4375, 1279.6875], "CrazyClimber": [54370.3125, 57220.3125, 51150.0, 87593.75, 62583.6], "DemonAttack": [288.90625, 208.1, 161.25, 177.578125, 204.84375], "Freeway": [0.0, 0.015625, 21.546875, 29.890625, 31.96875], "Frostbite": [262.34375, 248.75, 205.78125, 266.875, 200.625], "Gopher": [447.5, 732.5, 525.3125, 432.8125, 845.625], "Hero": [3061.5625, 3020.859375, 2060.390625, 2935.0, 2205.234375], "Jamesbond": [141.40625, 50.0, 110.9375, 123.4375, 76.5625], "Kangaroo": [65.625, 62.5, 25.0, 40.625, 62.5], "Krull": [3317.546875, 1933.71875, 1739.03125, 1379.625, 2654.28125], "KungFuMaster": [14318.75, 15023.4375, 14134.375, 21054.6875, 9781.25], "MsPacman": [1551.09375, 1221.25, 1199.0625, 1525.0, 1903.4375], "Pong": [21.0, -17.890625, 19.3125, 20.671875, 20.984375], "PrivateEye": [100.0, 0.0, 100.0, -25.140625, 0.0], "Qbert": [4258.984375, 150.0, 580.078125, 798.828125, 656.25], "RoadRunner": [3081.25, 900.0, 5906.25, 11176.5625, 7139.0625], "Seaquest": [711.5625, 455.3125, 565.625, 854.0625, 830.0], "UpNDown": [8614.53125, 1616.09375, 498.59375, 661.25, 5360.9375]}